STATION,NAME,DATE,TAVG,TMAX,TMIN
USR0000MWAT,"WATERSMEET MICHIGAN, MI US",9/1/2024,57,66,45
USR0000MWAT,"WATERSMEET MICHIGAN, MI US",9/2/2024,56,73,38
USR0000MWAT,"WATERSMEET MICHIGAN, MI US",9/3/2024,60,74,45
USR0000MWAT,"WATERSMEET MICHIGAN, MI US",9/4/2024,65,79,55
USR0000MWAT,"WATERSMEET MICHIGAN, MI US",9/5/2024,58,67,52
USR0000MWAT,"WATERSMEET MICHIGAN, MI US",9/6/2024,49,53,37
USR0000MWAT,"WATERSMEET MICHIGAN, MI US",9/7/2024,46,61,33
USR0000MWAT,"WATERSMEET MICHIGAN, MI US",9/8/2024,59,75,40
USR0000MWAT,"WATERSMEET MICHIGAN, MI US",9/9/2024,62,79,45
USR0000MWAT,"WATERSMEET MICHIGAN, MI US",9/10/2024,64,78,48
USR0000MWAT,"WATERSMEET MICHIGAN, MI US",9/11/2024,67,80,56
USR0000MWAT,"WATERSMEET MICHIGAN, MI US",9/12/2024,65,85,50
USR0000MWAT,"WATERSMEET MICHIGAN, MI US",9/13/2024,64,82,47
USR0000MWAT,"WATERSMEET MICHIGAN, MI US",9/14/2024,66,78,50
USR0000MWAT,"WATERSMEET MICHIGAN, MI US",9/15/2024,72,85,63
USR0000MWAT,"WATERSMEET MICHIGAN, MI US",9/16/2024,71,87,58
USR0000MWAT,"WATERSMEET MICHIGAN, MI US",9/17/2024,68,85,55
USR0000MWAT,"WATERSMEET MICHIGAN, MI US",9/18/2024,67,84,54
USR0000MWAT,"WATERSMEET MICHIGAN, MI US",9/19/2024,67,78,54
USR0000MWAT,"WATERSMEET MICHIGAN, MI US",9/20/2024,68,78,52
USR0000MWAT,"WATERSMEET MICHIGAN, MI US",9/21/2024,59,73,44
USR0000MWAT,"WATERSMEET MICHIGAN, MI US",9/22/2024,55,64,38
USR0000MWAT,"WATERSMEET MICHIGAN, MI US",9/23/2024,49,67,32
USR0000MWAT,"WATERSMEET MICHIGAN, MI US",9/24/2024,52,71,37
USR0000MWAT,"WATERSMEET MICHIGAN, MI US",9/25/2024,54,72,38
USR0000MWAT,"WATERSMEET MICHIGAN, MI US",9/26/2024,61,82,44
USR0000MWAT,"WATERSMEET MICHIGAN, MI US",9/27/2024,62,82,46
USR0000MWAT,"WATERSMEET MICHIGAN, MI US",9/28/2024,61,82,45
USR0000MWAT,"WATERSMEET MICHIGAN, MI US",9/29/2024,57,78,39
USR0000MWAT,"WATERSMEET MICHIGAN, MI US",9/30/2024,60,79,39
USR0000MWAT,"WATERSMEET MICHIGAN, MI US",10/1/2024,49,59,35
USR0000MWAT,"WATERSMEET MICHIGAN, MI US",10/2/2024,55,71,36
USR0000MWAT,"WATERSMEET MICHIGAN, MI US",10/3/2024,49,60,35
USR0000MWAT,"WATERSMEET MICHIGAN, MI US",10/4/2024,45,66,28
USR0000MWAT,"WATERSMEET MICHIGAN, MI US",10/5/2024,54,71,34
USR0000MWAT,"WATERSMEET MICHIGAN, MI US",10/6/2024,49,55,41
USR0000MWAT,"WATERSMEET MICHIGAN, MI US",10/7/2024,43,63,27
USR0000MWAT,"WATERSMEET MICHIGAN, MI US",10/8/2024,39,57,27
USR0000MWAT,"WATERSMEET MICHIGAN, MI US",10/9/2024,41,64,23
USR0000MWAT,"WATERSMEET MICHIGAN, MI US",10/10/2024,51,69,31
USR0000MWAT,"WATERSMEET MICHIGAN, MI US",10/11/2024,56,69,35
USR0000MWAT,"WATERSMEET MICHIGAN, MI US",10/12/2024,42,53,29
USR0000MWAT,"WATERSMEET MICHIGAN, MI US",10/13/2024,42,44,39
USR0000MWAT,"WATERSMEET MICHIGAN, MI US",10/14/2024,38,47,29
USR0000MWAT,"WATERSMEET MICHIGAN, MI US",10/15/2024,34,43,26
USR0000MWAT,"WATERSMEET MICHIGAN, MI US",10/16/2024,38,57,23
USR0000MWAT,"WATERSMEET MICHIGAN, MI US",10/17/2024,49,66,33
USR0000MWAT,"WATERSMEET MICHIGAN, MI US",10/18/2024,57,73,45
USR0000MWAT,"WATERSMEET MICHIGAN, MI US",10/19/2024,57,72,47
USR0000MWAT,"WATERSMEET MICHIGAN, MI US",10/20/2024,60,74,49
USR0000MWAT,"WATERSMEET MICHIGAN, MI US",10/21/2024,61,80,46
USR0000MWAT,"WATERSMEET MICHIGAN, MI US",10/22/2024,62,74,52
USR0000MWAT,"WATERSMEET MICHIGAN, MI US",10/23/2024,41,50,29
USR0000MWAT,"WATERSMEET MICHIGAN, MI US",10/24/2024,45,61,28
USR0000MWAT,"WATERSMEET MICHIGAN, MI US",10/25/2024,45,52,39
USR0000MWAT,"WATERSMEET MICHIGAN, MI US",10/26/2024,38,50,26
USR0000MWAT,"WATERSMEET MICHIGAN, MI US",10/27/2024,45,61,33
USR0000MWAT,"WATERSMEET MICHIGAN, MI US",10/28/2024,52,68,35
USR0000MWAT,"WATERSMEET MICHIGAN, MI US",10/29/2024,62,73,54
USR0000MWAT,"WATERSMEET MICHIGAN, MI US",10/30/2024,54,70,41
USR0000MWAT,"WATERSMEET MICHIGAN, MI US",10/31/2024,36,41,31
USR0000MWAT,"WATERSMEET MICHIGAN, MI US",11/1/2024,32,43,26
USR0000MWAT,"WATERSMEET MICHIGAN, MI US",11/2/2024,40,53,28
USR0000MWAT,"WATERSMEET MICHIGAN, MI US",11/3/2024,42,46,35
USR0000MWAT,"WATERSMEET MICHIGAN, MI US",11/4/2024,51,58,45
USR0000MWAT,"WATERSMEET MICHIGAN, MI US",11/5/2024,43,47,41
USR0000MWAT,"WATERSMEET MICHIGAN, MI US",11/6/2024,40,48,30
USR0000MWAT,"WATERSMEET MICHIGAN, MI US",11/7/2024,40,48,31
USR0000MWAT,"WATERSMEET MICHIGAN, MI US",11/8/2024,38,47,26
USR0000MWAT,"WATERSMEET MICHIGAN, MI US",11/9/2024,38,47,25
USR0000MWAT,"WATERSMEET MICHIGAN, MI US",11/10/2024,45,47,43
USR0000MWAT,"WATERSMEET MICHIGAN, MI US",11/11/2024,36,45,30
USR0000MWAT,"WATERSMEET MICHIGAN, MI US",11/12/2024,33,45,22
USR0000MWAT,"WATERSMEET MICHIGAN, MI US",11/13/2024,40,47,34
USR0000MWAT,"WATERSMEET MICHIGAN, MI US",11/14/2024,40,46,35
USR0000MWAT,"WATERSMEET MICHIGAN, MI US",11/15/2024,40,51,27
USR0000MWAT,"WATERSMEET MICHIGAN, MI US",11/16/2024,37,45,26
USR0000MWAT,"WATERSMEET MICHIGAN, MI US",11/17/2024,43,48,39
USR0000MWAT,"WATERSMEET MICHIGAN, MI US",11/18/2024,41,58,27
USR0000MWAT,"WATERSMEET MICHIGAN, MI US",11/19/2024,46,53,42
USR0000MWAT,"WATERSMEET MICHIGAN, MI US",11/20/2024,36,42,31
USR0000MWAT,"WATERSMEET MICHIGAN, MI US",11/21/2024,36,39,31
USR0000MWAT,"WATERSMEET MICHIGAN, MI US",11/22/2024,36,39,33
USR0000MWAT,"WATERSMEET MICHIGAN, MI US",11/23/2024,32,36,30
USR0000MWAT,"WATERSMEET MICHIGAN, MI US",11/24/2024,30,32,28
USR0000MWAT,"WATERSMEET MICHIGAN, MI US",11/25/2024,30,33,28
USR0000MWAT,"WATERSMEET MICHIGAN, MI US",11/26/2024,19,26,16
USR0000MWAT,"WATERSMEET MICHIGAN, MI US",11/27/2024,23,26,21
USR0000MWAT,"WATERSMEET MICHIGAN, MI US",11/28/2024,21,23,20
USR0000MWAT,"WATERSMEET MICHIGAN, MI US",11/29/2024,17,20,15
USR0000MWAT,"WATERSMEET MICHIGAN, MI US",11/30/2024,12,14,10
USR0000MWAT,"WATERSMEET MICHIGAN, MI US",12/1/2024,16,18,13
USR0000MWAT,"WATERSMEET MICHIGAN, MI US",12/2/2024,22,29,18
USR0000MWAT,"WATERSMEET MICHIGAN, MI US",12/3/2024,20,22,18
USR0000MWAT,"WATERSMEET MICHIGAN, MI US",12/4/2024,20,27,10
USR0000MWAT,"WATERSMEET MICHIGAN, MI US",12/5/2024,17,21,6
USR0000MWAT,"WATERSMEET MICHIGAN, MI US",12/6/2024,15,19,3
USR0000MWAT,"WATERSMEET MICHIGAN, MI US",12/7/2024,30,39,19
USR0000MWAT,"WATERSMEET MICHIGAN, MI US",12/8/2024,36,39,32
USR0000MWAT,"WATERSMEET MICHIGAN, MI US",12/9/2024,34,38,32
USR0000MWAT,"WATERSMEET MICHIGAN, MI US",12/10/2024,23,30,19
USR0000MWAT,"WATERSMEET MICHIGAN, MI US",12/11/2024,11,19,-6
USR0000MWAT,"WATERSMEET MICHIGAN, MI US",12/12/2024,-4,4,-9
USR0000MWAT,"WATERSMEET MICHIGAN, MI US",12/13/2024,3,21,-12
USR0000MWAT,"WATERSMEET MICHIGAN, MI US",12/14/2024,21,29,8
USR0000MWAT,"WATERSMEET MICHIGAN, MI US",12/15/2024,32,36,28
USR0000MWAT,"WATERSMEET MICHIGAN, MI US",12/16/2024,35,37,31
USR0000MWAT,"WATERSMEET MICHIGAN, MI US",12/17/2024,26,30,23
USR0000MWAT,"WATERSMEET MICHIGAN, MI US",12/18/2024,17,22,13
USR0000MWAT,"WATERSMEET MICHIGAN, MI US",12/19/2024,13,16,5
USR0000MWAT,"WATERSMEET MICHIGAN, MI US",12/20/2024,16,19,12
USR0000MWAT,"WATERSMEET MICHIGAN, MI US",12/21/2024,10,17,5
USR0000MWAT,"WATERSMEET MICHIGAN, MI US",12/22/2024,18,25,10
USR0000MWAT,"WATERSMEET MICHIGAN, MI US",12/23/2024,26,30,22
USR0000MWAT,"WATERSMEET MICHIGAN, MI US",12/24/2024,21,31,16
USR0000MWAT,"WATERSMEET MICHIGAN, MI US",12/25/2024,20,34,15
USR0000MWAT,"WATERSMEET MICHIGAN, MI US",12/26/2024,26,34,11
USR0000MWAT,"WATERSMEET MICHIGAN, MI US",12/27/2024,38,42,34
USR0000MWAT,"WATERSMEET MICHIGAN, MI US",12/28/2024,36,38,34
USR0000MWAT,"WATERSMEET MICHIGAN, MI US",12/29/2024,31,38,29
USR0000MWAT,"WATERSMEET MICHIGAN, MI US",12/30/2024,27,30,22
USR0000MWAT,"WATERSMEET MICHIGAN, MI US",12/31/2024,27,29,25
USR0000MWAT,"WATERSMEET MICHIGAN, MI US",1/1/2025,20,25,14
USR0000MWAT,"WATERSMEET MICHIGAN, MI US",1/2/2025,14,15,12
USR0000MWAT,"WATERSMEET MICHIGAN, MI US",1/3/2025,11,15,7
USR0000MWAT,"WATERSMEET MICHIGAN, MI US",1/4/2025,5,10,0
USR0000MWAT,"WATERSMEET MICHIGAN, MI US",1/5/2025,7,15,-1
USR0000MWAT,"WATERSMEET MICHIGAN, MI US",1/6/2025,11,18,-3
USR0000MWAT,"WATERSMEET MICHIGAN, MI US",1/7/2025,8,19,-6
USR0000MWAT,"WATERSMEET MICHIGAN, MI US",1/8/2025,13,17,3
USR0000MWAT,"WATERSMEET MICHIGAN, MI US",1/9/2025,15,28,-1
USR0000MWAT,"WATERSMEET MICHIGAN, MI US",1/10/2025,22,26,19
USR0000MWAT,"WATERSMEET MICHIGAN, MI US",1/11/2025,22,28,19
USR0000MWAT,"WATERSMEET MICHIGAN, MI US",1/12/2025,23,29,14
USR0000MWAT,"WATERSMEET MICHIGAN, MI US",1/13/2025,3,13,-6
USR0000MWAT,"WATERSMEET MICHIGAN, MI US",1/14/2025,3,13,-6
USR0000MWAT,"WATERSMEET MICHIGAN, MI US",1/15/2025,8,18,-7
USR0000MWAT,"WATERSMEET MICHIGAN, MI US",1/16/2025,25,30,13
USR0000MWAT,"WATERSMEET MICHIGAN, MI US",1/17/2025,30,40,19
USR0000MWAT,"WATERSMEET MICHIGAN, MI US",1/18/2025,8,18,-4
USR0000MWAT,"WATERSMEET MICHIGAN, MI US",1/19/2025,-8,0,-14
USR0000MWAT,"WATERSMEET MICHIGAN, MI US",1/20/2025,-12,-2,-18
USR0000MWAT,"WATERSMEET MICHIGAN, MI US",1/21/2025,-14,-2,-27
USR0000MWAT,"WATERSMEET MICHIGAN, MI US",1/22/2025,7,17,-5
USR0000MWAT,"WATERSMEET MICHIGAN, MI US",1/23/2025,5,13,0
USR0000MWAT,"WATERSMEET MICHIGAN, MI US",1/24/2025,8,18,1
USR0000MWAT,"WATERSMEET MICHIGAN, MI US",1/25/2025,20,26,11
USR0000MWAT,"WATERSMEET MICHIGAN, MI US",1/26/2025,17,28,3
USR0000MWAT,"WATERSMEET MICHIGAN, MI US",1/27/2025,25,32,18
USR0000MWAT,"WATERSMEET MICHIGAN, MI US",1/28/2025,23,38,3
USR0000MWAT,"WATERSMEET MICHIGAN, MI US",1/29/2025,18,25,8
USR0000MWAT,"WATERSMEET MICHIGAN, MI US",1/30/2025,27,45,14
USR0000MWAT,"WATERSMEET MICHIGAN, MI US",1/31/2025,14,25,3
USR0000MWAT,"WATERSMEET MICHIGAN, MI US",2/1/2025,12,18,2
USR0000MWAT,"WATERSMEET MICHIGAN, MI US",2/2/2025,26,32,18
USR0000MWAT,"WATERSMEET MICHIGAN, MI US",2/3/2025,22,30,13
USR0000MWAT,"WATERSMEET MICHIGAN, MI US",2/4/2025,6,13,1
USR0000MWAT,"WATERSMEET MICHIGAN, MI US",2/5/2025,12,27,-4
USR0000MWAT,"WATERSMEET MICHIGAN, MI US",2/6/2025,14,23,2
USR0000MWAT,"WATERSMEET MICHIGAN, MI US",2/7/2025,13,27,3
USR0000MWAT,"WATERSMEET MICHIGAN, MI US",2/8/2025,15,21,11
USR0000MWAT,"WATERSMEET MICHIGAN, MI US",2/9/2025,11,20,1
USR0000MWAT,"WATERSMEET MICHIGAN, MI US",2/10/2025,10,21,0
USR0000MWAT,"WATERSMEET MICHIGAN, MI US",2/11/2025,-1,14,-16
USR0000MWAT,"WATERSMEET MICHIGAN, MI US",2/12/2025,-3,13,-22
USR0000MWAT,"WATERSMEET MICHIGAN, MI US",2/13/2025,3,14,-15
USR0000MWAT,"WATERSMEET MICHIGAN, MI US",2/14/2025,3,20,-19
USR0000MWAT,"WATERSMEET MICHIGAN, MI US",2/15/2025,17,24,14
USR0000MWAT,"WATERSMEET MICHIGAN, MI US",2/16/2025,9,14,-1
USR0000MWAT,"WATERSMEET MICHIGAN, MI US",2/17/2025,-1,3,-8
USR0000MWAT,"WATERSMEET MICHIGAN, MI US",2/18/2025,-1,9,-16
USR0000MWAT,"WATERSMEET MICHIGAN, MI US",2/19/2025,8,17,0
USR0000MWAT,"WATERSMEET MICHIGAN, MI US",2/20/2025,13,25,-4
USR0000MWAT,"WATERSMEET MICHIGAN, MI US",2/21/2025,11,33,-15
USR0000MWAT,"WATERSMEET MICHIGAN, MI US",2/22/2025,22,33,11
USR0000MWAT,"WATERSMEET MICHIGAN, MI US",2/23/2025,30,45,18
USR0000MWAT,"WATERSMEET MICHIGAN, MI US",2/24/2025,41,50,31
USR0000MWAT,"WATERSMEET MICHIGAN, MI US",2/25/2025,35,46,23
USR0000MWAT,"WATERSMEET MICHIGAN, MI US",2/26/2025,34,49,19
USR0000MWAT,"WATERSMEET MICHIGAN, MI US",2/27/2025,31,33,22
USR0000MWAT,"WATERSMEET MICHIGAN, MI US",2/28/2025,27,39,11
USR0000MWAT,"WATERSMEET MICHIGAN, MI US",3/1/2025,8,15,-4
USR0000MWAT,"WATERSMEET MICHIGAN, MI US",3/2/2025,11,32,-13
USR0000MWAT,"WATERSMEET MICHIGAN, MI US",3/3/2025,32,54,10
USR0000MWAT,"WATERSMEET MICHIGAN, MI US",3/4/2025,35,37,31
USR0000MWAT,"WATERSMEET MICHIGAN, MI US",3/5/2025,24,31,18
USR0000MWAT,"WATERSMEET MICHIGAN, MI US",3/6/2025,21,32,11
USR0000MWAT,"WATERSMEET MICHIGAN, MI US",3/7/2025,16,30,-2
USR0000MWAT,"WATERSMEET MICHIGAN, MI US",3/8/2025,18,43,-9
USR0000MWAT,"WATERSMEET MICHIGAN, MI US",3/9/2025,38,60,17
USR0000MWAT,"WATERSMEET MICHIGAN, MI US",3/10/2025,44,64,20
USR0000MWAT,"WATERSMEET MICHIGAN, MI US",3/11/2025,31,43,23
USR0000MWAT,"WATERSMEET MICHIGAN, MI US",3/12/2025,35,50,25
USR0000MWAT,"WATERSMEET MICHIGAN, MI US",3/13/2025,40,58,22
USR0000MWAT,"WATERSMEET MICHIGAN, MI US",3/14/2025,51,64,41
USR0000MWAT,"WATERSMEET MICHIGAN, MI US",3/15/2025,45,55,25
USR0000MWAT,"WATERSMEET MICHIGAN, MI US",3/16/2025,22,28,15
USR0000MWAT,"WATERSMEET MICHIGAN, MI US",3/17/2025,34,47,18
USR0000MWAT,"WATERSMEET MICHIGAN, MI US",3/18/2025,32,37,26
USR0000MWAT,"WATERSMEET MICHIGAN, MI US",3/19/2025,31,34,29
USR0000MWAT,"WATERSMEET MICHIGAN, MI US",3/20/2025,31,39,22
USR0000MWAT,"WATERSMEET MICHIGAN, MI US",3/21/2025,35,50,22
USR0000MWAT,"WATERSMEET MICHIGAN, MI US",3/22/2025,21,33,10
USR0000MWAT,"WATERSMEET MICHIGAN, MI US",3/23/2025,29,32,25
USR0000MWAT,"WATERSMEET MICHIGAN, MI US",3/24/2025,27,29,25
USR0000MWAT,"WATERSMEET MICHIGAN, MI US",3/25/2025,25,37,13
USR0000MWAT,"WATERSMEET MICHIGAN, MI US",3/26/2025,29,49,6
USR0000MWAT,"WATERSMEET MICHIGAN, MI US",3/27/2025,37,50,21
USR0000MWAT,"WATERSMEET MICHIGAN, MI US",3/28/2025,32,35,29
USR0000MWAT,"WATERSMEET MICHIGAN, MI US",3/29/2025,30,32,29
USR0000MWAT,"WATERSMEET MICHIGAN, MI US",3/30/2025,28,29,24
USR0000MWAT,"WATERSMEET MICHIGAN, MI US",3/31/2025,25,33,12
USR0000MWAT,"WATERSMEET MICHIGAN, MI US",4/1/2025,24,41,3
USR0000MWAT,"WATERSMEET MICHIGAN, MI US",4/2/2025,31,36,27
USR0000MWAT,"WATERSMEET MICHIGAN, MI US",4/3/2025,37,44,32
USR0000MWAT,"WATERSMEET MICHIGAN, MI US",4/4/2025,40,54,24
USR0000MWAT,"WATERSMEET MICHIGAN, MI US",4/5/2025,32,40,26
USR0000MWAT,"WATERSMEET MICHIGAN, MI US",4/6/2025,35,51,20
USR0000MWAT,"WATERSMEET MICHIGAN, MI US",4/7/2025,20,29,3
USR0000MWAT,"WATERSMEET MICHIGAN, MI US",4/8/2025,20,38,-4
USR0000MWAT,"WATERSMEET MICHIGAN, MI US",4/9/2025,34,41,27
USR0000MWAT,"WATERSMEET MICHIGAN, MI US",4/10/2025,36,45,27
USR0000MWAT,"WATERSMEET MICHIGAN, MI US",4/11/2025,38,55,21
USR0000MWAT,"WATERSMEET MICHIGAN, MI US",4/12/2025,44,60,25
USR0000MWAT,"WATERSMEET MICHIGAN, MI US",4/13/2025,51,65,44
USR0000MWAT,"WATERSMEET MICHIGAN, MI US",4/14/2025,40,48,31
USR0000MWAT,"WATERSMEET MICHIGAN, MI US",4/15/2025,31,32,30
USR0000MWAT,"WATERSMEET MICHIGAN, MI US",4/16/2025,36,51,17
USR0000MWAT,"WATERSMEET MICHIGAN, MI US",4/17/2025,48,63,28
USR0000MWAT,"WATERSMEET MICHIGAN, MI US",4/18/2025,43,49,37
USR0000MWAT,"WATERSMEET MICHIGAN, MI US",4/19/2025,36,45,27
USR0000MWAT,"WATERSMEET MICHIGAN, MI US",4/20/2025,38,53,23
USR0000MWAT,"WATERSMEET MICHIGAN, MI US",4/21/2025,34,36,31
USR0000MWAT,"WATERSMEET MICHIGAN, MI US",4/22/2025,42,55,28
USR0000MWAT,"WATERSMEET MICHIGAN, MI US",4/23/2025,52,70,31
USR0000MWAT,"WATERSMEET MICHIGAN, MI US",4/24/2025,43,55,29
USR0000MWAT,"WATERSMEET MICHIGAN, MI US",4/25/2025,40,43,35
USR0000MWAT,"WATERSMEET MICHIGAN, MI US",4/26/2025,43,60,29
USR0000MWAT,"WATERSMEET MICHIGAN, MI US",4/27/2025,47,59,28
USR0000MWAT,"WATERSMEET MICHIGAN, MI US",4/28/2025,54,61,47
USR0000MWAT,"WATERSMEET MICHIGAN, MI US",4/29/2025,40,57,27
USR0000MWAT,"WATERSMEET MICHIGAN, MI US",4/30/2025,44,64,24
USR0000MWAT,"WATERSMEET MICHIGAN, MI US",5/1/2025,47,52,43
USR0000MWAT,"WATERSMEET MICHIGAN, MI US",5/2/2025,40,44,35
USR0000MWAT,"WATERSMEET MICHIGAN, MI US",5/3/2025,44,62,34
USR0000MWAT,"WATERSMEET MICHIGAN, MI US",5/4/2025,55,75,31
USR0000MWAT,"WATERSMEET MICHIGAN, MI US",5/5/2025,59,76,35
USR0000MWAT,"WATERSMEET MICHIGAN, MI US",5/6/2025,62,81,39
USR0000MWAT,"WATERSMEET MICHIGAN, MI US",5/7/2025,47,55,32
USR0000MWAT,"WATERSMEET MICHIGAN, MI US",5/8/2025,45,68,23
USR0000MWAT,"WATERSMEET MICHIGAN, MI US",5/9/2025,59,78,31
USR0000MWAT,"WATERSMEET MICHIGAN, MI US",5/10/2025,51,59,41
USR0000MWAT,"WATERSMEET MICHIGAN, MI US",5/11/2025,62,82,40
USR0000MWAT,"WATERSMEET MICHIGAN, MI US",5/12/2025,72,88,56
USR0000MWAT,"WATERSMEET MICHIGAN, MI US",5/13/2025,70,86,52
USR0000MWAT,"WATERSMEET MICHIGAN, MI US",5/14/2025,69,78,56
USR0000MWAT,"WATERSMEET MICHIGAN, MI US",5/15/2025,69,82,60
USR0000MWAT,"WATERSMEET MICHIGAN, MI US",5/16/2025,60,76,48
USR0000MWAT,"WATERSMEET MICHIGAN, MI US",5/17/2025,49,57,38
USR0000MWAT,"WATERSMEET MICHIGAN, MI US",5/18/2025,37,44,32
USR0000MWAT,"WATERSMEET MICHIGAN, MI US",5/19/2025,44,59,32
USR0000MWAT,"WATERSMEET MICHIGAN, MI US",5/20/2025,47,57,37
USR0000MWAT,"WATERSMEET MICHIGAN, MI US",5/21/2025,49,58,36
USR0000MWAT,"WATERSMEET MICHIGAN, MI US",5/22/2025,43,52,28
USR0000MWAT,"WATERSMEET MICHIGAN, MI US",5/23/2025,45,51,39
USR0000MWAT,"WATERSMEET MICHIGAN, MI US",5/24/2025,47,61,30
USR0000MWAT,"WATERSMEET MICHIGAN, MI US",5/25/2025,49,64,29
USR0000MWAT,"WATERSMEET MICHIGAN, MI US",5/26/2025,54,72,30
USR0000MWAT,"WATERSMEET MICHIGAN, MI US",5/27/2025,56,70,39
USR0000MWAT,"WATERSMEET MICHIGAN, MI US",5/28/2025,58,75,42
USR0000MWAT,"WATERSMEET MICHIGAN, MI US",5/29/2025,62,77,45
USR0000MWAT,"WATERSMEET MICHIGAN, MI US",5/30/2025,61,72,41
USR0000MWAT,"WATERSMEET MICHIGAN, MI US",5/31/2025,51,67,31
USR0000MWAT,"WATERSMEET MICHIGAN, MI US",6/1/2025,55,76,29
USR0000MWAT,"WATERSMEET MICHIGAN, MI US",6/2/2025,69,87,45
USR0000MWAT,"WATERSMEET MICHIGAN, MI US",6/3/2025,58,72,49
USR0000MWAT,"WATERSMEET MICHIGAN, MI US",6/4/2025,60,75,42
USR0000MWAT,"WATERSMEET MICHIGAN, MI US",6/5/2025,61,79,39
USR0000MWAT,"WATERSMEET MICHIGAN, MI US",6/6/2025,57,68,49
USR0000MWAT,"WATERSMEET MICHIGAN, MI US",6/7/2025,62,76,50
USR0000MWAT,"WATERSMEET MICHIGAN, MI US",6/8/2025,59,70,52
USR0000MWAT,"WATERSMEET MICHIGAN, MI US",6/9/2025,53,59,49
USR0000MWAT,"WATERSMEET MICHIGAN, MI US",6/10/2025,54,62,48
USR0000MWAT,"WATERSMEET MICHIGAN, MI US",6/11/2025,59,71,46
USR0000MWAT,"WATERSMEET MICHIGAN, MI US",6/12/2025,55,68,39
USR0000MWAT,"WATERSMEET MICHIGAN, MI US",6/13/2025,49,52,47
USR0000MWAT,"WATERSMEET MICHIGAN, MI US",6/14/2025,51,55,46
USR0000MWAT,"WATERSMEET MICHIGAN, MI US",6/15/2025,57,65,48
USR0000MWAT,"WATERSMEET MICHIGAN, MI US",6/16/2025,67,80,57
USR0000MWAT,"WATERSMEET MICHIGAN, MI US",6/17/2025,70,79,58
USR0000MWAT,"WATERSMEET MICHIGAN, MI US",6/18/2025,67,82,51
USR0000MWAT,"WATERSMEET MICHIGAN, MI US",6/19/2025,61,76,49
USR0000MWAT,"WATERSMEET MICHIGAN, MI US",6/20/2025,69,85,51
USR0000MWAT,"WATERSMEET MICHIGAN, MI US",6/21/2025,77,88,66
USR0000MWAT,"WATERSMEET MICHIGAN, MI US",6/22/2025,84,94,75
USR0000MWAT,"WATERSMEET MICHIGAN, MI US",6/23/2025,79,88,62
USR0000MWAT,"WATERSMEET MICHIGAN, MI US",6/24/2025,67,79,53
USR0000MWAT,"WATERSMEET MICHIGAN, MI US",6/25/2025,60,71,49
USR0000MWAT,"WATERSMEET MICHIGAN, MI US",6/26/2025,57,61,54
USR0000MWAT,"WATERSMEET MICHIGAN, MI US",6/27/2025,59,62,57
USR0000MWAT,"WATERSMEET MICHIGAN, MI US",6/28/2025,66,79,49
USR0000MWAT,"WATERSMEET MICHIGAN, MI US",6/29/2025,72,84,62
USR0000MWAT,"WATERSMEET MICHIGAN, MI US",6/30/2025,67,81,59
USR0000MWAT,"WATERSMEET MICHIGAN, MI US",7/1/2025,70,82,59
USR0000MWAT,"WATERSMEET MICHIGAN, MI US",7/2/2025,69,80,56
USR0000MWAT,"WATERSMEET MICHIGAN, MI US",7/3/2025,69,85,49
USR0000MWAT,"WATERSMEET MICHIGAN, MI US",7/4/2025,76,89,62
USR0000MWAT,"WATERSMEET MICHIGAN, MI US",7/5/2025,75,81,67
USR0000MWAT,"WATERSMEET MICHIGAN, MI US",7/6/2025,65,74,51
USR0000MWAT,"WATERSMEET MICHIGAN, MI US",7/7/2025,62,78,44
USR0000MWAT,"WATERSMEET MICHIGAN, MI US",7/8/2025,65,79,57
USR0000MWAT,"WATERSMEET MICHIGAN, MI US",7/9/2025,62,72,52
USR0000MWAT,"WATERSMEET MICHIGAN, MI US",7/10/2025,65,80,47
USR0000MWAT,"WATERSMEET MICHIGAN, MI US",7/11/2025,72,87,60
USR0000MWAT,"WATERSMEET MICHIGAN, MI US",7/12/2025,68,76,58
USR0000MWAT,"WATERSMEET MICHIGAN, MI US",7/13/2025,69,81,55
USR0000MWAT,"WATERSMEET MICHIGAN, MI US",7/14/2025,75,86,65
USR0000MWAT,"WATERSMEET MICHIGAN, MI US",7/15/2025,74,88,63
USR0000MWAT,"WATERSMEET MICHIGAN, MI US",7/16/2025,55,65,49
USR0000MWAT,"WATERSMEET MICHIGAN, MI US",7/17/2025,58,69,47
USR0000MWAT,"WATERSMEET MICHIGAN, MI US",7/18/2025,58,70,42
USR0000MWAT,"WATERSMEET MICHIGAN, MI US",7/19/2025,62,70,49
USR0000MWAT,"WATERSMEET MICHIGAN, MI US",7/20/2025,61,76,43
USR0000MWAT,"WATERSMEET MICHIGAN, MI US",7/21/2025,64,75,48
USR0000MWAT,"WATERSMEET MICHIGAN, MI US",7/22/2025,72,84,60
USR0000MWAT,"WATERSMEET MICHIGAN, MI US",7/23/2025,73,79,68
USR0000MWAT,"WATERSMEET MICHIGAN, MI US",7/24/2025,70,78,59
USR0000MWAT,"WATERSMEET MICHIGAN, MI US",7/25/2025,69,84,52
USR0000MWAT,"WATERSMEET MICHIGAN, MI US",7/26/2025,74,87,63
USR0000MWAT,"WATERSMEET MICHIGAN, MI US",7/27/2025,79,92,67
USR0000MWAT,"WATERSMEET MICHIGAN, MI US",7/28/2025,77,85,64
USR0000MWAT,"WATERSMEET MICHIGAN, MI US",7/29/2025,70,80,56
USR0000MWAT,"WATERSMEET MICHIGAN, MI US",7/30/2025,62,74,48
USR0000MWAT,"WATERSMEET MICHIGAN, MI US",7/31/2025,58,73,41
USR0000MWAT,"WATERSMEET MICHIGAN, MI US",8/1/2025,60,76,41
USR0000MWAT,"WATERSMEET MICHIGAN, MI US",8/2/2025,63,80,46
USR0000MWAT,"WATERSMEET MICHIGAN, MI US",8/3/2025,63,80,45
USR0000MWAT,"WATERSMEET MICHIGAN, MI US",8/4/2025,67,81,53
USR0000MWAT,"WATERSMEET MICHIGAN, MI US",8/5/2025,69,81,57
USR0000MWAT,"WATERSMEET MICHIGAN, MI US",8/6/2025,68,77,55
USR0000MWAT,"WATERSMEET MICHIGAN, MI US",8/7/2025,75,88,63
USR0000MWAT,"WATERSMEET MICHIGAN, MI US",8/8/2025,76,87,64
USR0000MWAT,"WATERSMEET MICHIGAN, MI US",8/9/2025,71,77,65
USR0000MWAT,"WATERSMEET MICHIGAN, MI US",8/10/2025,69,77,62
USR0000MWAT,"WATERSMEET MICHIGAN, MI US",8/11/2025,71,82,60
USR0000MWAT,"WATERSMEET MICHIGAN, MI US",8/12/2025,66,78,57
USR0000MWAT,"WATERSMEET MICHIGAN, MI US",8/13/2025,62,75,50
USR0000MWAT,"WATERSMEET MICHIGAN, MI US",8/14/2025,65,79,51
USR0000MWAT,"WATERSMEET MICHIGAN, MI US",8/15/2025,74,86,65
USR0000MWAT,"WATERSMEET MICHIGAN, MI US",8/16/2025,67,71,57
USR0000MWAT,"WATERSMEET MICHIGAN, MI US",8/17/2025,60,72,48
USR0000MWAT,"WATERSMEET MICHIGAN, MI US",8/18/2025,58,64,51
USR0000MWAT,"WATERSMEET MICHIGAN, MI US",8/19/2025,65,75,59
USR0000MWAT,"WATERSMEET MICHIGAN, MI US",8/20/2025,64,68,54
USR0000MWAT,"WATERSMEET MICHIGAN, MI US",8/21/2025,63,77,49
USR0000MWAT,"WATERSMEET MICHIGAN, MI US",8/22/2025,66,79,59
USR0000MWAT,"WATERSMEET MICHIGAN, MI US",8/23/2025,60,68,54
USR0000MWAT,"WATERSMEET MICHIGAN, MI US",8/24/2025,54,57,50
